{"name":"incapsula","description":"incapsula","category":"incapsula","inputs":[{"id":"5a143cc64fed611cacf988fa","title":"Incapsula Content Pack","configuration":{"expand_structured_data":false,"recv_buffer_size":262144,"port":514,"override_source":null,"force_rdns":false,"allow_override_date":true,"bind_address":"0.0.0.0","store_full_message":false},"static_fields":{},"type":"org.graylog2.inputs.syslog.udp.SyslogUDPInput","global":true,"extractors":[{"title":"Rule Name","type":"SPLIT_AND_INDEX","cursor_strategy":"COPY","target_field":"rule_name","source_field":"message","configuration":{"index":6,"split_by":"|"},"converters":[],"condition_type":"NONE","condition_value":"","order":0},{"title":"Visitor ID","type":"REGEX","cursor_strategy":"COPY","target_field":"cs4","source_field":"message","configuration":{"regex_value":"cs4=((?:.(?![a-zA-Z\\d]+=))*)"},"converters":[],"condition_type":"NONE","condition_value":"","order":0},{"title":"Site Name","type":"REGEX","cursor_strategy":"COPY","target_field":"sourceServiceName","source_field":"message","configuration":{"regex_value":"sourceServiceName=((?:.(?![a-zA-Z\\d]+=))*)"},"converters":[],"condition_type":"NONE","condition_value":"","order":0},{"title":"URL","type":"REGEX","cursor_strategy":"COPY","target_field":"request","source_field":"message","configuration":{"regex_value":"request=((?:.(?![a-zA-Z\\d]+=))*)"},"converters":[],"condition_type":"NONE","condition_value":"","order":0},{"title":"Country","type":"REGEX","cursor_strategy":"COPY","target_field":"ccode","source_field":"message","configuration":{"regex_value":"ccode=((?:.(?![a-zA-Z\\d]+=))*)"},"converters":[],"condition_type":"NONE","condition_value":"","order":0},{"title":"Query String","type":"REGEX","cursor_strategy":"COPY","target_field":"qstr","source_field":"message","configuration":{"regex_value":"qstr=((?:.(?![a-zA-Z\\d]+=))*)"},"converters":[],"condition_type":"NONE","condition_value":"","order":0},{"title":"Site ID","type":"REGEX","cursor_strategy":"COPY","target_field":"siteid","source_field":"message","configuration":{"regex_value":"siteid=((?:.(?![a-zA-Z\\d]+=))*)"},"converters":[],"condition_type":"NONE","condition_value":"","order":0},{"title":"User Agent","type":"REGEX","cursor_strategy":"COPY","target_field":"userAgent","source_field":"message","configuration":{"regex_value":"requestClientApplication=((?:.(?![a-zA-Z\\d]+=))*)"},"converters":[],"condition_type":"NONE","condition_value":"","order":0},{"title":"City","type":"REGEX","cursor_strategy":"COPY","target_field":"cicode","source_field":"message","configuration":{"regex_value":"cicode=((?:.(?![a-zA-Z\\d]+=))*)"},"converters":[],"condition_type":"NONE","condition_value":"","order":0},{"title":"Request Method","type":"REGEX","cursor_strategy":"COPY","target_field":"requestMethod","source_field":"message","configuration":{"regex_value":"requestMethod=((?:.(?![a-zA-Z\\d]+=))*)"},"converters":[],"condition_type":"NONE","condition_value":"","order":0},{"title":"Account Name","type":"REGEX","cursor_strategy":"COPY","target_field":"Customer","source_field":"message","configuration":{"regex_value":"Customer=((?:.(?![a-zA-Z\\d]+=))*)"},"converters":[],"condition_type":"NONE","condition_value":"","order":0},{"title":"Start Time","type":"REGEX","cursor_strategy":"COPY","target_field":"start","source_field":"message","configuration":{"regex_value":"start=((?:.(?![a-zA-Z\\d]+=))*)"},"converters":[],"condition_type":"NONE","condition_value":"","order":0},{"title":"Application Signature","type":"REGEX","cursor_strategy":"COPY","target_field":"cs5","source_field":"message","configuration":{"regex_value":"cs5=((?:.(?![a-zA-Z\\d]+=))*)"},"converters":[],"condition_type":"NONE","condition_value":"","order":0},{"title":"xff","type":"REGEX","cursor_strategy":"COPY","target_field":"xff","source_field":"message","configuration":{"regex_value":"xff=((?:.(?![a-zA-Z\\d]+=))*)"},"converters":[],"condition_type":"NONE","condition_value":"","order":0},{"title":"Request ID","type":"REGEX","cursor_strategy":"COPY","target_field":"deviceExternalId","source_field":"message","configuration":{"regex_value":"deviceExternalId=((?:.(?![a-zA-Z\\d]+=))*)"},"converters":[],"condition_type":"NONE","condition_value":"","order":0},{"title":"ref","type":"REGEX","cursor_strategy":"COPY","target_field":"ref","source_field":"message","configuration":{"regex_value":"ref=((?:.(?![a-zA-Z\\d]+=))*)"},"converters":[],"condition_type":"NONE","condition_value":"","order":0},{"title":"spt","type":"REGEX","cursor_strategy":"COPY","target_field":"spt","source_field":"message","configuration":{"regex_value":"spt=((?:.(?![a-zA-Z\\d]+=))*)"},"converters":[],"condition_type":"NONE","condition_value":"","order":0},{"title":"postbody","type":"REGEX","cursor_strategy":"COPY","target_field":"postbody","source_field":"message","configuration":{"regex_value":"postbody=((?:.(?![a-zA-Z\\d]+=))*)"},"converters":[],"condition_type":"NONE","condition_value":"","order":0},{"title":"cs7","type":"REGEX","cursor_strategy":"COPY","target_field":"cs7","source_field":"message","configuration":{"regex_value":"cs7=((?:.(?![a-zA-Z\\d]+=))*)"},"converters":[{"type":"NUMERIC","configuration":{}}],"condition_type":"NONE","condition_value":"","order":0},{"title":"Session Number","type":"REGEX","cursor_strategy":"COPY","target_field":"fileId","source_field":"message","configuration":{"regex_value":"fileId=((?:.(?![a-zA-Z\\d]+=))*)"},"converters":[],"condition_type":"NONE","condition_value":"","order":0},{"title":"ts","type":"REGEX","cursor_strategy":"COPY","target_field":"ts","source_field":"message","configuration":{"regex_value":"ts=((?:.(?![a-zA-Z\\d]+=))*)"},"converters":[],"condition_type":"NONE","condition_value":"","order":0},{"title":"response_code","type":"REGEX","cursor_strategy":"COPY","target_field":"response_code","source_field":"message","configuration":{"regex_value":"cn1=((?:.(?![a-zA-Z\\d]+=))*)"},"converters":[],"condition_type":"NONE","condition_value":"","order":0},{"title":"Client Type","type":"REGEX","cursor_strategy":"COPY","target_field":"Client_Type","source_field":"message","configuration":{"regex_value":"dproc=((?:.(?![a-zA-Z\\d]+=))*)"},"converters":[],"condition_type":"NONE","condition_value":"","order":0},{"title":"Cef Severity","type":"SPLIT_AND_INDEX","cursor_strategy":"COPY","target_field":"Main_Attack_Code","source_field":"message","configuration":{"index":7,"split_by":"|"},"converters":[{"type":"NUMERIC","configuration":{}}],"condition_type":"NONE","condition_value":"","order":0},{"title":"Source IP","type":"REGEX","cursor_strategy":"COPY","target_field":"Client_IP","source_field":"message","configuration":{"regex_value":"src=((?:.(?![a-zA-Z\\d]+=))*)"},"converters":[],"condition_type":"NONE","condition_value":"","order":0},{"title":"Protocol","type":"REGEX","cursor_strategy":"COPY","target_field":"Protocol","source_field":"message","configuration":{"regex_value":"app=((?:.(?![a-zA-Z\\d]+=))*)"},"converters":[],"condition_type":"NONE","condition_value":"","order":0},{"title":"Account Name","type":"REGEX","cursor_strategy":"COPY","target_field":"My_Account_ID","source_field":"message","configuration":{"regex_value":"suid=((?:.(?![a-zA-Z\\d]+=))*)"},"converters":[],"condition_type":"NONE","condition_value":"","order":0},{"title":"Action Taken","type":"REGEX","cursor_strategy":"COPY","target_field":"Request_Result","source_field":"message","configuration":{"regex_value":"act=((?:.(?![a-zA-Z\\d]+=))*)"},"converters":[],"condition_type":"NONE","condition_value":"","order":0},{"title":"Support Javascript","type":"REGEX","cursor_strategy":"COPY","target_field":"JS_Support","source_field":"message","configuration":{"regex_value":"cs2=((?:.(?![a-zA-Z\\d]+=))*)"},"converters":[],"condition_type":"NONE","condition_value":"","order":0},{"title":"Support Cookies","type":"REGEX","cursor_strategy":"COPY","target_field":"Cookies_Support","source_field":"message","configuration":{"regex_value":"cs3=((?:.(?![a-zA-Z\\d]+=))*)"},"converters":[],"condition_type":"NONE","condition_value":"","order":0},{"title":"Support Captcha","type":"REGEX","cursor_strategy":"COPY","target_field":"Captcha_Support","source_field":"message","configuration":{"regex_value":"cs1=((?:.(?![a-zA-Z\\d]+=))*)"},"converters":[],"condition_type":"NONE","condition_value":"","order":0},{"title":"Rule Description","type":"REGEX","cursor_strategy":"COPY","target_field":"Block_Rule_Name","source_field":"message","configuration":{"regex_value":"cs9=((?:.(?![a-zA-Z\\d]+=))*)"},"converters":[],"condition_type":"NONE","condition_value":"","order":0},{"title":"Client Application","type":"REGEX","cursor_strategy":"COPY","target_field":"Client_App","source_field":"message","configuration":{"regex_value":"cs6=((?:.(?![a-zA-Z\\d]+=))*)"},"converters":[],"condition_type":"NONE","condition_value":"","order":0},{"title":"Attack Type","type":"REGEX","cursor_strategy":"COPY","target_field":"Child_Rule","source_field":"message","configuration":{"regex_value":"fileType=((?:.(?![a-zA-Z\\d]+=))*)"},"converters":[],"condition_type":"NONE","condition_value":"","order":0},{"title":"Attack Severity","type":"REGEX","cursor_strategy":"COPY","target_field":"Rule_Number","source_field":"message","configuration":{"regex_value":"filePermission=((?:.(?![a-zA-Z\\d]+=))*)"},"converters":[],"condition_type":"NONE","condition_value":"","order":0}]}],"streams":[{"id":"000000000000000000000001","title":"All messages","description":"Stream containing all messages","disabled":false,"matching_type":"AND","stream_rules":[],"outputs":[],"default_stream":true}],"outputs":[],"dashboards":[],"grok_patterns":[],"lookup_tables":[],"lookup_caches":[],"lookup_data_adapters":[]}